kep;cim;n;
vg-osztv-1.jpg;Varsányi Gábor, mechatronikai technikus, OSZTV 1. helyezés;1;
szpp-szktv-2.jpg;Szagri Péter Pál, szerszámkészítő, SZKTV 2. helyezés;1;
szr-szktv-1.jpg;Szabó Richárd, szerszámkészítő, SZKTV 1. helyezés;1;
sp-szetv-1.jpg;Simon Péter, elektronika, SZÉTV 1. helyezés;1;
ocs-zrinyi-1.jpg;Ördög Csaba, szoftverfejlesztő, Zrínyi Ilona Országos Matematikai Verseny 3. helyezés;1;
ml-omv-1.jpg;Majoros Lili, szobrász, Országos Mintázásverseny 1. helyezés;1;