kod;nev;link;text1;text2;text3;text4;text5;n
DU1;Mercedes;https://www.mercedes-benz.hu;Mercedes Benz Manufacturing Hungary Kft.;A vállalat 2011-ben indította a duális szakképzést, melynek kertén belül a Kandóból 2 szakképesítésben: mechatronikus karbantartó és szerszámkészítő kezdődött meg a szakmai gyakorlati oktatás.  A kecskeméti gyárban 2018-ban átadott Mercedes-Benz Academy Kecskemét (MAK) több szakmában, közel 100 kandós tanuló számára biztosítja a szakmai gyakorlati képzést. ;A képző akadémia a tanulókat az említett 2 szakmában már az 1/9. évfolyamra is fogadja. A tanulók az alapozó képzés után folyamatosan bekapcsolódnak a vállalat mindennapjaiba és termelés közeli helyszíneken sajátítják el a mechatronikus karbantartó és a szerszám- és készülékgyártó szakmák fortélyait.;A vállalat szorosan együttműködik az iskolával a pályaválasztási tevékenységektől a képzést lezáró szakmai vizsgákkal bezárólag. A Mercedes-Benz Manufacturing Hungary Kft. a szakképzést kiemelt súllyal kezeli, a volt kandós tanulók közül ma már sokan dolgoznak a termelés folyamatosságát biztosító üzemeltetés és karbantartás területén.;Az érdeklődők a kérdéseikre a következö e-mail címen kaphatnak választ: tanulo@daimler.com;1
DU2;MAG Hungary;http://karrier.hszk.kefo.hu/images/stories/galeria/allasborze2011/infooldal_mag_.pdf;MAG Hungary Kft.;A MAG Hungary Kft a globálisan tevékenykedő, FFG néven ismert szerszámgépgyártó-vállalatcsoport része. A vállalat szinte az 1994-es megépülése óta részt vesz a középszintű szakképzésben. A kecskeméti István király körúton található telephelyen kiváló szakképzési körülményeket építettek ki az évek során, a Gépi és CNC forgácsoló szakma oktatására.  ;Képzési körülményeket építettek ki az évek során, a Gépi és CNC forgácsoló szakma oktatására.  Tanműhelyében, klimatizált CNC szimulációs szaktermében nagyszámú kandós tanuló sajátította el a szakma fortélyait. A vállalat már az 1/9. évfolyam kezdetétől fogadja a tanulókat a szakmai gyakorlati képzésre. ;A vállalat bekapcsolódott a Kandó által szervezett pályaválasztási programokba, hogy megkönnyítse a pályaválasztó fiatalok szakmaválasztását. Ennek során az érdeklődő tájékoztatást kap az oktatott szakmáról, a képzési infrastrukturális hátteréről és a képzési juttatásokról.;Kontakt: Nagy Tamás, szakoktató tel.: 76/517-119; e-mail: Tamas.Nagy@mag-ias.com;1
DU3;KÉSZ Kft;http://www.kesz.hu/;KÉSZ Ipari Gyártó Kft.;A KÉSZ Csoport és annak jogelődjei már az iskola megalapítása óta szoros partnere a Kandónak. A KÉSZ a hegesztő szakképesítés gyakorlati képzésének fellegvára.  A vállalat folyamatosan tanműhelyet üzemeltet, mely 2019-ben átfogó korszerűsítésen és bővítésen esett át. Az oktatás jelenleg a KÉSZ Csoport Szakképzési Akadémia épületegyüttesében folyik, a tanulói létszám Kecskeméten meghaladja a 80 főt.;A KÉSZ Csoport az 1/9. évfolyam kezdetétől fogadja a hegesztő tanulókat a szakmai gyakorlati képzésre. A vállalat részt vesz az iskolával közösen szervezett pályaválasztási programokban. Ennek során bemutatja az oktatott szakma sajátosságait, képzési körülményeit, és információt ad a képzést kisérő juttatásokról.  ; A KÉSZ Csoport a hegesztőkön kívül más kandós szakmákban is szervez gyakorlati oktatást, így a 2/10. évfolyamtól villanyszerelő, mechatronikus karbantartó, valamint Gépi és CNC forgácsoló szakmákban is folyik a képzés.;Kontakt: Szélpál Gábor, szakképzési szakértő tel.: 70/9320908; e-mail: szelpalg@kesz.hu ;1
DU4;HILTI;https://www.hilti.hu/content/hilti/EE/HU/hu/company/corporate-information/production-locations/kecskemeti-gyar.html;valami szoveg 1 resz;valami szoveg 2 resz;valami szoveg 3 resz;;;1
