id;name;adress;email;type;nature;location;task;salary;qualifications;descr;advantages;startDate;deadline;n
1;Kecskeméti  Általános Iskola 1;Bács Kiskun megye  Kecskemét Fő út 1;kkando@gmail.com;határozatlan idő;teljes munkaidő;Bács Kiskun megye  Kecskemét Fő út 1;Oktatás, nevelés;Közalkalmazotti bértábla szerint;Egyetem (MSC), Egyetem (MSc, MA);Általános iskolába keresünk ... tanár kollégát esetleges … irányultsággal.;… vagy …  irányultság.;2020.09.01;2020.08.25;1
2;Kecskeméti  Általános Iskola 2;Bács Kiskun megye  Kecskemét Fő út 2;kkando@gmail.com;határozott idő;teljes munkaidő;Bács Kiskun megye  Kecskemét Fő út 2;Oktatás, nevelés;Közalkalmazotti bértábla szerint;Egyetem (MSC), Egyetem (MSc, MA);Általános iskolába keresünk ... tanár kollégát esetleges … irányultsággal.;… vagy …  irányultság.;2020.09.02;2020.08.26;1
3;Kecskeméti  Általános Iskola 3;Bács Kiskun megye  Kecskemét Fő út 3;kkando@gmail.com;határozatlan idő;teljes munkaidő;Bács Kiskun megye  Kecskemét Fő út 3;Oktatás, nevelés;Közalkalmazotti bértábla szerint;Egyetem (MSC), Egyetem (MSc, MA);Általános iskolába keresünk ... tanár kollégát esetleges … irányultsággal.;… vagy …  irányultság.;2020.09.03;2020.08.27;1
4;Kecskeméti  Általános Iskola 4;Bács Kiskun megye  Kecskemét Fő út 4;kkando@gmail.com;határozatlan idő;teljes munkaidő;Bács Kiskun megye  Kecskemét Fő út 4;Oktatás, nevelés;Közalkalmazotti bértábla szerint;Egyetem (MSC), Egyetem (MSc, MA);Általános iskolába keresünk ... tanár kollégát esetleges … irányultsággal.;… vagy …  irányultság.;2020.09.04;2020.08.28;1
5;Kecskeméti  Általános Iskola 5;Bács Kiskun megye  Kecskemét Fő út 5;kkando@gmail.com;határozott idő;teljes munkaidő;Bács Kiskun megye  Kecskemét Fő út 5;Oktatás, nevelés;Közalkalmazotti bértábla szerint;Egyetem (MSC), Egyetem (MSc, MA);Általános iskolába keresünk ... tanár kollégát esetleges … irányultsággal.;… vagy …  irányultság.;2020.09.05;2020.08.29;1
